id_semestre,semestre,valor,activo,id_fecha_creacion,id_fecha_actualizacion
1,1,9440000.0,True,20260428,20260428
2,2,9912000.0,True,20260428,20260428
3,3,10408000.0,True,20260428,20260428
4,4,10928000.0,True,20260428,20260428
5,5,11474000.0,True,20260428,20260428
6,6,12048000.0,True,20260428,20260428
7,7,12651000.0,True,20260428,20260428
8,1,8620000.0,True,20260428,20260428
9,2,9051000.0,True,20260428,20260428
10,3,9504000.0,True,20260428,20260428
11,4,9979000.0,True,20260428,20260428
12,5,10478000.0,True,20260428,20260428
13,1,5460000.0,True,20260428,20260428
14,2,5733000.0,True,20260428,20260428
15,3,6020000.0,True,20260428,20260428
16,4,6321000.0,True,20260428,20260428
17,1,7690000.0,True,20260428,20260428
18,2,8074000.0,True,20260428,20260428
19,3,8478000.0,True,20260428,20260428
20,4,8902000.0,True,20260428,20260428
21,5,9347000.0,True,20260428,20260428
22,6,9815000.0,True,20260428,20260428
23,7,10305000.0,True,20260428,20260428
24,8,10821000.0,True,20260428,20260428
25,1,8860000.0,True,20260428,20260428
26,2,9303000.0,True,20260428,20260428
27,3,9768000.0,True,20260428,20260428
28,4,10257000.0,True,20260428,20260428
29,1,6500000.0,True,20260428,20260428
30,2,6825000.0,True,20260428,20260428
31,3,7166000.0,True,20260428,20260428
32,4,7525000.0,True,20260428,20260428
33,5,7901000.0,True,20260428,20260428
34,1,4350000.0,True,20260428,20260428
35,2,4568000.0,True,20260428,20260428
36,3,4796000.0,True,20260428,20260428
37,4,5036000.0,True,20260428,20260428
38,5,5287000.0,True,20260428,20260428
39,6,5552000.0,True,20260428,20260428
40,1,6060000.0,True,20260428,20260428
41,2,6363000.0,True,20260428,20260428
42,3,6681000.0,True,20260428,20260428
43,4,7015000.0,True,20260428,20260428
44,5,7366000.0,True,20260428,20260428
45,6,7734000.0,True,20260428,20260428
46,1,4500000.0,True,20260428,20260428
47,2,4725000.0,True,20260428,20260428
48,3,4961000.0,True,20260428,20260428
49,4,5209000.0,True,20260428,20260428
50,1,5430000.0,True,20260428,20260428
51,2,5702000.0,True,20260428,20260428
52,3,5987000.0,True,20260428,20260428
53,4,6286000.0,True,20260428,20260428
54,5,6600000.0,True,20260428,20260428
55,6,6930000.0,True,20260428,20260428
56,7,7277000.0,True,20260428,20260428
57,8,7641000.0,True,20260428,20260428
58,9,8023000.0,True,20260428,20260428
59,1,6840000.0,True,20260428,20260428
60,1,4840000.0,True,20260428,20260428
61,1,3410000.0,True,20260428,20260428
62,2,3580000.0,True,20260428,20260428
63,3,3760000.0,True,20260428,20260428
64,4,3948000.0,True,20260428,20260428
65,5,4145000.0,True,20260428,20260428
66,1,5830000.0,True,20260428,20260428
67,1,9980000.0,True,20260428,20260428
68,2,10479000.0,True,20260428,20260428
69,3,11003000.0,True,20260428,20260428
70,4,11553000.0,True,20260428,20260428
71,5,12131000.0,True,20260428,20260428
72,6,12737000.0,True,20260428,20260428
73,7,13374000.0,True,20260428,20260428
74,1,11170000.0,True,20260428,20260428
75,2,11728000.0,True,20260428,20260428
76,1,8100000.0,True,20260428,20260428
77,2,8505000.0,True,20260428,20260428
78,3,8930000.0,True,20260428,20260428
79,4,9377000.0,True,20260428,20260428
80,1,5670000.0,True,20260428,20260428
81,2,5954000.0,True,20260428,20260428
82,3,6251000.0,True,20260428,20260428
83,1,11250000.0,True,20260428,20260428
84,1,3850000.0,True,20260428,20260428
85,2,4042000.0,True,20260428,20260428
86,3,4245000.0,True,20260428,20260428
87,4,4457000.0,True,20260428,20260428
88,5,4680000.0,True,20260428,20260428
89,1,6850000.0,True,20260428,20260428
90,2,7192000.0,True,20260428,20260428
91,3,7552000.0,True,20260428,20260428
92,4,7930000.0,True,20260428,20260428
93,5,8326000.0,True,20260428,20260428
94,1,6830000.0,True,20260428,20260428
95,2,7172000.0,True,20260428,20260428
96,3,7530000.0,True,20260428,20260428
97,4,7907000.0,True,20260428,20260428
98,5,8302000.0,True,20260428,20260428
99,6,8717000.0,True,20260428,20260428
100,7,9153000.0,True,20260428,20260428
101,8,9610000.0,True,20260428,20260428
102,1,4300000.0,True,20260428,20260428
103,2,4515000.0,True,20260428,20260428
104,3,4741000.0,True,20260428,20260428
105,4,4978000.0,True,20260428,20260428
106,5,5227000.0,True,20260428,20260428
107,6,5488000.0,True,20260428,20260428
108,7,5762000.0,True,20260428,20260428
109,1,6790000.0,True,20260428,20260428
110,2,7130000.0,True,20260428,20260428
111,3,7486000.0,True,20260428,20260428
112,4,7860000.0,True,20260428,20260428
113,5,8253000.0,True,20260428,20260428
114,6,8666000.0,True,20260428,20260428
115,1,4770000.0,True,20260428,20260428
116,2,5008000.0,True,20260428,20260428
117,3,5259000.0,True,20260428,20260428
118,1,4820000.0,True,20260428,20260428
119,2,5061000.0,True,20260428,20260428
120,3,5314000.0,True,20260428,20260428
121,4,5580000.0,True,20260428,20260428
122,5,5859000.0,True,20260428,20260428
123,6,6152000.0,True,20260428,20260428
124,7,6459000.0,True,20260428,20260428
125,1,5130000.0,True,20260428,20260428
126,2,5386000.0,True,20260428,20260428
127,3,5656000.0,True,20260428,20260428
128,4,5939000.0,True,20260428,20260428
129,5,6236000.0,True,20260428,20260428
130,6,6547000.0,True,20260428,20260428
131,7,6875000.0,True,20260428,20260428
132,8,7218000.0,True,20260428,20260428
133,1,3420000.0,True,20260428,20260428
134,2,3591000.0,True,20260428,20260428
135,3,3771000.0,True,20260428,20260428
136,4,3959000.0,True,20260428,20260428
137,5,4157000.0,True,20260428,20260428
138,1,10020000.0,True,20260428,20260428
139,2,10521000.0,True,20260428,20260428
140,3,11047000.0,True,20260428,20260428
141,4,11599000.0,True,20260428,20260428
142,5,12179000.0,True,20260428,20260428
143,6,12788000.0,True,20260428,20260428
144,7,13428000.0,True,20260428,20260428
145,8,14099000.0,True,20260428,20260428
146,9,14804000.0,True,20260428,20260428
147,1,4810000.0,True,20260428,20260428
148,2,5050000.0,True,20260428,20260428
149,3,5303000.0,True,20260428,20260428
150,4,5568000.0,True,20260428,20260428
151,5,5847000.0,True,20260428,20260428
152,6,6139000.0,True,20260428,20260428
153,7,6446000.0,True,20260428,20260428
154,1,5050000.0,True,20260428,20260428
155,2,5302000.0,True,20260428,20260428
156,3,5568000.0,True,20260428,20260428
157,1,7730000.0,True,20260428,20260428
158,2,8116000.0,True,20260428,20260428
159,3,8522000.0,True,20260428,20260428
160,4,8948000.0,True,20260428,20260428
161,5,9396000.0,True,20260428,20260428
162,6,9866000.0,True,20260428,20260428
163,7,10359000.0,True,20260428,20260428
164,8,10877000.0,True,20260428,20260428
165,9,11421000.0,True,20260428,20260428
166,1,6180000.0,True,20260428,20260428
167,2,7182000.0,True,20260428,20260428
168,3,7541000.0,True,20260428,20260428
169,1,8360000.0,True,20260428,20260428
170,2,8778000.0,True,20260428,20260428
171,3,9217000.0,True,20260428,20260428
172,4,9678000.0,True,20260428,20260428
173,5,10162000.0,True,20260428,20260428
174,6,10670000.0,True,20260428,20260428
175,7,11203000.0,True,20260428,20260428
176,8,11763000.0,True,20260428,20260428
177,9,12352000.0,True,20260428,20260428
178,10,12969000.0,True,20260428,20260428
179,4,5522000.0,True,20260428,20260428
180,5,5798000.0,True,20260428,20260428
181,6,6088000.0,True,20260428,20260428
182,7,6392000.0,True,20260428,20260428
183,1,8820000.0,True,20260428,20260428
184,2,9261000.0,True,20260428,20260428
185,3,9724000.0,True,20260428,20260428
186,4,10210000.0,True,20260428,20260428
187,5,10721000.0,True,20260428,20260428
188,6,11257000.0,True,20260428,20260428
189,7,11820000.0,True,20260428,20260428
190,8,12411000.0,True,20260428,20260428
191,9,13031000.0,True,20260428,20260428
192,10,13683000.0,True,20260428,20260428
193,1,6300000.0,True,20260428,20260428
194,2,6615000.0,True,20260428,20260428
195,3,6946000.0,True,20260428,20260428
196,4,7293000.0,True,20260428,20260428
197,5,7658000.0,True,20260428,20260428
198,6,8041000.0,True,20260428,20260428
199,7,8443000.0,True,20260428,20260428
200,8,8865000.0,True,20260428,20260428
201,1,8280000.0,True,20260428,20260428
202,2,8694000.0,True,20260428,20260428
203,3,9129000.0,True,20260428,20260428
204,4,9585000.0,True,20260428,20260428
205,5,10064000.0,True,20260428,20260428
206,6,10568000.0,True,20260428,20260428
207,7,11096000.0,True,20260428,20260428
208,8,11651000.0,True,20260428,20260428
209,9,12233000.0,True,20260428,20260428
210,10,12845000.0,True,20260428,20260428
211,1,7230000.0,True,20260428,20260428
212,2,7592000.0,True,20260428,20260428
213,1,6780000.0,True,20260428,20260428
214,2,7119000.0,True,20260428,20260428
215,3,7475000.0,True,20260428,20260428
216,4,7849000.0,True,20260428,20260428
217,1,3840000.0,True,20260428,20260428
218,2,4032000.0,True,20260428,20260428
219,3,4234000.0,True,20260428,20260428
220,4,4445000.0,True,20260428,20260428
221,1,6050000.0,True,20260428,20260428
222,2,6352000.0,True,20260428,20260428
223,1,6030000.0,True,20260428,20260428
224,2,6332000.0,True,20260428,20260428
225,3,6648000.0,True,20260428,20260428
226,4,6980000.0,True,20260428,20260428
227,5,7330000.0,True,20260428,20260428
228,6,7696000.0,True,20260428,20260428
229,7,8081000.0,True,20260428,20260428
230,8,8485000.0,True,20260428,20260428
231,1,3330000.0,True,20260428,20260428
232,2,3496000.0,True,20260428,20260428
233,3,3671000.0,True,20260428,20260428
234,4,3855000.0,True,20260428,20260428
235,5,4048000.0,True,20260428,20260428
236,6,4250000.0,True,20260428,20260428
237,7,4463000.0,True,20260428,20260428
238,8,4686000.0,True,20260428,20260428
239,9,4920000.0,True,20260428,20260428
240,1,2960000.0,True,20260428,20260428
241,2,3108000.0,True,20260428,20260428
242,3,3263000.0,True,20260428,20260428
243,4,3427000.0,True,20260428,20260428
244,5,3598000.0,True,20260428,20260428
245,6,3778000.0,True,20260428,20260428
246,7,3967000.0,True,20260428,20260428
247,8,4165000.0,True,20260428,20260428
248,9,4373000.0,True,20260428,20260428
249,10,4592000.0,True,20260428,20260428
250,3,6670000.0,True,20260428,20260428
251,4,7004000.0,True,20260428,20260428
252,5,7354000.0,True,20260428,20260428
253,6,7722000.0,True,20260428,20260428
254,7,8108000.0,True,20260428,20260428
255,1,5070000.0,True,20260428,20260428
256,2,5324000.0,True,20260428,20260428
257,3,5590000.0,True,20260428,20260428
258,4,5869000.0,True,20260428,20260428
259,5,6163000.0,True,20260428,20260428
260,6,6471000.0,True,20260428,20260428
261,1,4080000.0,True,20260428,20260428
262,2,4284000.0,True,20260428,20260428
263,3,4498000.0,True,20260428,20260428
264,4,4723000.0,True,20260428,20260428
265,5,4959000.0,True,20260428,20260428
266,6,5207000.0,True,20260428,20260428
267,7,5468000.0,True,20260428,20260428
268,8,5741000.0,True,20260428,20260428
269,1,6970000.0,True,20260428,20260428
270,2,7318000.0,True,20260428,20260428
271,3,7684000.0,True,20260428,20260428
272,4,8069000.0,True,20260428,20260428
273,5,8472000.0,True,20260428,20260428
274,6,8896000.0,True,20260428,20260428
275,7,9340000.0,True,20260428,20260428
276,8,9807000.0,True,20260428,20260428
277,1,8200000.0,True,20260428,20260428
278,2,8610000.0,True,20260428,20260428
279,3,9040000.0,True,20260428,20260428
280,1,7280000.0,True,20260428,20260428
281,2,7644000.0,True,20260428,20260428
282,3,8026000.0,True,20260428,20260428
283,4,8428000.0,True,20260428,20260428
284,5,8849000.0,True,20260428,20260428
285,6,9291000.0,True,20260428,20260428
286,7,9756000.0,True,20260428,20260428
287,8,10244000.0,True,20260428,20260428
288,1,4240000.0,True,20260428,20260428
289,2,4452000.0,True,20260428,20260428
290,3,4675000.0,True,20260428,20260428
291,4,4908000.0,True,20260428,20260428
292,5,5154000.0,True,20260428,20260428
293,6,5411000.0,True,20260428,20260428
294,7,5682000.0,True,20260428,20260428
295,8,5966000.0,True,20260428,20260428
296,9,6264000.0,True,20260428,20260428
297,1,4750000.0,True,20260428,20260428
298,2,4988000.0,True,20260428,20260428
299,3,5237000.0,True,20260428,20260428
300,4,5499000.0,True,20260428,20260428
301,5,5774000.0,True,20260428,20260428
302,1,3140000.0,True,20260428,20260428
303,2,3297000.0,True,20260428,20260428
304,3,3462000.0,True,20260428,20260428
305,4,3635000.0,True,20260428,20260428
306,5,3817000.0,True,20260428,20260428
307,6,4008000.0,True,20260428,20260428
308,7,4208000.0,True,20260428,20260428
309,8,4418000.0,True,20260428,20260428
310,9,4639000.0,True,20260428,20260428
311,1,5440000.0,True,20260428,20260428
312,2,5712000.0,True,20260428,20260428
313,1,4870000.0,True,20260428,20260428
314,2,5114000.0,True,20260428,20260428
315,3,5369000.0,True,20260428,20260428
316,4,5638000.0,True,20260428,20260428
317,5,5920000.0,True,20260428,20260428
318,6,6215000.0,True,20260428,20260428
319,1,8410000.0,True,20260428,20260428
320,2,8830000.0,True,20260428,20260428
321,3,9272000.0,True,20260428,20260428
322,4,9736000.0,True,20260428,20260428
323,5,10222000.0,True,20260428,20260428
324,6,10734000.0,True,20260428,20260428
325,1,4000000.0,True,20260428,20260428
326,2,4200000.0,True,20260428,20260428
327,3,4410000.0,True,20260428,20260428
328,4,4631000.0,True,20260428,20260428
329,1,4880000.0,True,20260428,20260428
330,2,5124000.0,True,20260428,20260428
331,3,5380000.0,True,20260428,20260428
332,4,5649000.0,True,20260428,20260428
333,5,5932000.0,True,20260428,20260428
334,3,5998000.0,True,20260428,20260428
335,4,6297000.0,True,20260428,20260428
336,5,6612000.0,True,20260428,20260428
337,1,5080000.0,True,20260428,20260428
338,2,5334000.0,True,20260428,20260428
339,3,5601000.0,True,20260428,20260428
340,4,5881000.0,True,20260428,20260428
341,5,6175000.0,True,20260428,20260428
342,6,6484000.0,True,20260428,20260428
343,7,6808000.0,True,20260428,20260428
344,8,7148000.0,True,20260428,20260428
345,9,7505000.0,True,20260428,20260428
346,1,6570000.0,True,20260428,20260428
347,2,6898000.0,True,20260428,20260428
348,3,7243000.0,True,20260428,20260428
349,4,7606000.0,True,20260428,20260428
350,5,7986000.0,True,20260428,20260428
351,6,8385000.0,True,20260428,20260428
352,7,8804000.0,True,20260428,20260428
353,8,9245000.0,True,20260428,20260428
354,9,9707000.0,True,20260428,20260428
355,10,10192000.0,True,20260428,20260428
356,1,5730000.0,True,20260428,20260428
357,2,6016000.0,True,20260428,20260428
358,3,6317000.0,True,20260428,20260428
359,4,6633000.0,True,20260428,20260428
360,5,6965000.0,True,20260428,20260428
361,6,7313000.0,True,20260428,20260428
362,7,7679000.0,True,20260428,20260428
363,8,8063000.0,True,20260428,20260428
364,9,8466000.0,True,20260428,20260428
365,1,3780000.0,True,20260428,20260428
366,2,3969000.0,True,20260428,20260428
367,3,4167000.0,True,20260428,20260428
368,4,4376000.0,True,20260428,20260428
369,5,4595000.0,True,20260428,20260428
370,1,7200000.0,True,20260428,20260428
371,2,7560000.0,True,20260428,20260428
372,3,7938000.0,True,20260428,20260428
373,4,8335000.0,True,20260428,20260428
374,1,3750000.0,True,20260428,20260428
375,2,3938000.0,True,20260428,20260428
376,3,4134000.0,True,20260428,20260428
377,4,4341000.0,True,20260428,20260428
378,5,4558000.0,True,20260428,20260428
379,6,4786000.0,True,20260428,20260428
380,7,5025000.0,True,20260428,20260428
381,1,7500000.0,True,20260428,20260428
382,2,7875000.0,True,20260428,20260428
383,3,8269000.0,True,20260428,20260428
384,4,8682000.0,True,20260428,20260428
385,5,9116000.0,True,20260428,20260428
386,8,6712000.0,True,20260428,20260428
387,7,8121000.0,True,20260428,20260428
388,8,8527000.0,True,20260428,20260428
389,9,8953000.0,True,20260428,20260428
390,10,9401000.0,True,20260428,20260428
391,1,6700000.0,True,20260428,20260428
392,2,7035000.0,True,20260428,20260428
393,3,7387000.0,True,20260428,20260428
394,4,7756000.0,True,20260428,20260428
395,5,8144000.0,True,20260428,20260428
396,6,8551000.0,True,20260428,20260428
397,7,8979000.0,True,20260428,20260428
398,1,6560000.0,True,20260428,20260428
399,2,6888000.0,True,20260428,20260428
400,3,7232000.0,True,20260428,20260428
401,4,7594000.0,True,20260428,20260428
402,5,7974000.0,True,20260428,20260428
403,6,8372000.0,True,20260428,20260428
404,7,8791000.0,True,20260428,20260428
405,8,9231000.0,True,20260428,20260428
406,9,9692000.0,True,20260428,20260428
407,10,10177000.0,True,20260428,20260428
408,1,6400000.0,True,20260428,20260428
409,2,6720000.0,True,20260428,20260428
410,5,4668000.0,True,20260428,20260428
411,6,4901000.0,True,20260428,20260428
412,7,5146000.0,True,20260428,20260428
413,8,5403000.0,True,20260428,20260428
414,9,5673000.0,True,20260428,20260428
415,10,5957000.0,True,20260428,20260428
416,1,4860000.0,True,20260428,20260428
417,2,5103000.0,True,20260428,20260428
418,3,5358000.0,True,20260428,20260428
419,4,5626000.0,True,20260428,20260428
420,5,5907000.0,True,20260428,20260428
421,6,6203000.0,True,20260428,20260428
422,7,6513000.0,True,20260428,20260428
423,8,6839000.0,True,20260428,20260428
424,9,7180000.0,True,20260428,20260428
425,1,6020000.0,True,20260428,20260428
426,2,6321000.0,True,20260428,20260428
427,3,6637000.0,True,20260428,20260428
428,4,6969000.0,True,20260428,20260428
429,5,7317000.0,True,20260428,20260428
430,6,7683000.0,True,20260428,20260428
431,7,8067000.0,True,20260428,20260428
432,8,8471000.0,True,20260428,20260428
433,1,8940000.0,True,20260428,20260428
434,2,9387000.0,True,20260428,20260428
435,3,9856000.0,True,20260428,20260428
436,4,10349000.0,True,20260428,20260428
437,5,10867000.0,True,20260428,20260428
438,6,11410000.0,True,20260428,20260428
439,7,11980000.0,True,20260428,20260428
440,8,12579000.0,True,20260428,20260428
441,9,13208000.0,True,20260428,20260428
442,10,13869000.0,True,20260428,20260428
443,1,4060000.0,True,20260428,20260428
444,2,4263000.0,True,20260428,20260428
445,1,9290000.0,True,20260428,20260428
446,2,9754000.0,True,20260428,20260428
447,3,10242000.0,True,20260428,20260428
448,4,10754000.0,True,20260428,20260428
449,5,11292000.0,True,20260428,20260428
450,6,11857000.0,True,20260428,20260428
451,7,12449000.0,True,20260428,20260428
452,8,13072000.0,True,20260428,20260428
453,9,13726000.0,True,20260428,20260428
454,10,14412000.0,True,20260428,20260428
455,1,7740000.0,True,20260428,20260428
456,2,8127000.0,True,20260428,20260428
457,1,8780000.0,True,20260428,20260428
458,2,9219000.0,True,20260428,20260428
459,3,9680000.0,True,20260428,20260428
460,4,10164000.0,True,20260428,20260428
461,1,5390000.0,True,20260428,20260428
462,2,5660000.0,True,20260428,20260428
463,3,5942000.0,True,20260428,20260428
464,4,6240000.0,True,20260428,20260428
465,5,6552000.0,True,20260428,20260428
466,6,6879000.0,True,20260428,20260428
467,7,7223000.0,True,20260428,20260428
468,1,4740000.0,True,20260428,20260428
469,2,4977000.0,True,20260428,20260428
470,1,5820000.0,True,20260428,20260428
471,2,6111000.0,True,20260428,20260428
472,3,6417000.0,True,20260428,20260428
473,4,6737000.0,True,20260428,20260428
474,5,7074000.0,True,20260428,20260428
475,1,7390000.0,True,20260428,20260428
476,2,7760000.0,True,20260428,20260428
477,3,8147000.0,True,20260428,20260428
478,4,8555000.0,True,20260428,20260428
479,5,8983000.0,True,20260428,20260428
480,6,9432000.0,True,20260428,20260428
481,7,9903000.0,True,20260428,20260428
482,8,10398000.0,True,20260428,20260428
483,1,5950000.0,True,20260428,20260428
484,2,6248000.0,True,20260428,20260428
485,3,6560000.0,True,20260428,20260428
486,4,6888000.0,True,20260428,20260428
487,5,7232000.0,True,20260428,20260428
488,6,7594000.0,True,20260428,20260428
489,7,7974000.0,True,20260428,20260428
490,8,8372000.0,True,20260428,20260428
491,9,8791000.0,True,20260428,20260428
492,1,6380000.0,True,20260428,20260428
493,2,6699000.0,True,20260428,20260428
494,3,7034000.0,True,20260428,20260428
495,4,7386000.0,True,20260428,20260428
496,5,7755000.0,True,20260428,20260428
497,6,8143000.0,True,20260428,20260428
498,7,8550000.0,True,20260428,20260428
499,1,6550000.0,True,20260428,20260428
500,2,6878000.0,True,20260428,20260428
501,3,7221000.0,True,20260428,20260428
502,4,7582000.0,True,20260428,20260428
503,5,7962000.0,True,20260428,20260428
504,1,3610000.0,True,20260428,20260428
505,2,3790000.0,True,20260428,20260428
506,3,3980000.0,True,20260428,20260428
507,4,4179000.0,True,20260428,20260428
508,5,4388000.0,True,20260428,20260428
509,6,4607000.0,True,20260428,20260428
510,7,4838000.0,True,20260428,20260428
511,1,8910000.0,True,20260428,20260428
512,2,9356000.0,True,20260428,20260428
513,3,9823000.0,True,20260428,20260428
514,4,10314000.0,True,20260428,20260428
515,5,10830000.0,True,20260428,20260428
516,1,3220000.0,True,20260428,20260428
517,2,3381000.0,True,20260428,20260428
518,3,3550000.0,True,20260428,20260428
519,4,3728000.0,True,20260428,20260428
520,5,3914000.0,True,20260428,20260428
521,6,4110000.0,True,20260428,20260428
522,7,4315000.0,True,20260428,20260428
523,8,4531000.0,True,20260428,20260428
524,9,4757000.0,True,20260428,20260428
525,10,4995000.0,True,20260428,20260428
526,1,5700000.0,True,20260428,20260428
527,2,5985000.0,True,20260428,20260428
528,3,6284000.0,True,20260428,20260428
529,4,6598000.0,True,20260428,20260428
530,5,6928000.0,True,20260428,20260428
531,1,5030000.0,True,20260428,20260428
532,2,5282000.0,True,20260428,20260428
533,3,5546000.0,True,20260428,20260428
534,1,5370000.0,True,20260428,20260428
535,2,5638000.0,True,20260428,20260428
536,3,5920000.0,True,20260428,20260428
537,4,6216000.0,True,20260428,20260428
538,5,6527000.0,True,20260428,20260428
539,1,4490000.0,True,20260428,20260428
540,2,4714000.0,True,20260428,20260428
541,3,4950000.0,True,20260428,20260428
542,4,5198000.0,True,20260428,20260428
543,5,5458000.0,True,20260428,20260428
544,6,11372000.0,True,20260428,20260428
545,1,6430000.0,True,20260428,20260428
546,2,6752000.0,True,20260428,20260428
547,3,7089000.0,True,20260428,20260428
548,4,5846000.0,True,20260428,20260428
549,1,7050000.0,True,20260428,20260428
550,2,7402000.0,True,20260428,20260428
551,3,7773000.0,True,20260428,20260428
552,4,8161000.0,True,20260428,20260428
553,5,8569000.0,True,20260428,20260428
554,6,8998000.0,True,20260428,20260428
555,7,9448000.0,True,20260428,20260428
556,8,8513000.0,True,20260428,20260428
557,9,8939000.0,True,20260428,20260428
558,1,6410000.0,True,20260428,20260428
559,2,6730000.0,True,20260428,20260428
560,5,8752000.0,True,20260428,20260428
561,6,9189000.0,True,20260428,20260428
562,7,9649000.0,True,20260428,20260428
563,1,10040000.0,True,20260428,20260428
564,2,10542000.0,True,20260428,20260428
565,3,11069000.0,True,20260428,20260428
566,4,11623000.0,True,20260428,20260428
567,5,12204000.0,True,20260428,20260428
568,1,3580000.0,True,20260428,20260428
569,2,3759000.0,True,20260428,20260428
570,3,3947000.0,True,20260428,20260428
571,4,4144000.0,True,20260428,20260428
572,5,4352000.0,True,20260428,20260428
573,6,4569000.0,True,20260428,20260428
574,1,8290000.0,True,20260428,20260428
575,2,8704000.0,True,20260428,20260428
576,1,5330000.0,True,20260428,20260428
577,2,5596000.0,True,20260428,20260428
578,3,5876000.0,True,20260428,20260428
579,4,6170000.0,True,20260428,20260428
580,6,7275000.0,True,20260428,20260428
581,1,3630000.0,True,20260428,20260428
582,2,3812000.0,True,20260428,20260428
583,3,4002000.0,True,20260428,20260428
584,4,4202000.0,True,20260428,20260428
585,1,5750000.0,True,20260428,20260428
586,2,6038000.0,True,20260428,20260428
587,3,6339000.0,True,20260428,20260428
588,4,6656000.0,True,20260428,20260428
589,5,6989000.0,True,20260428,20260428
590,6,7339000.0,True,20260428,20260428
591,7,7706000.0,True,20260428,20260428
592,6,6943000.0,True,20260428,20260428
593,7,4798000.0,True,20260428,20260428
594,8,5037000.0,True,20260428,20260428
595,9,5289000.0,True,20260428,20260428
596,7,11940000.0,True,20260428,20260428
597,8,12537000.0,True,20260428,20260428
598,9,13164000.0,True,20260428,20260428
599,3,7067000.0,True,20260428,20260428
600,4,7420000.0,True,20260428,20260428
601,5,7791000.0,True,20260428,20260428
602,1,6200000.0,True,20260428,20260428
603,2,6510000.0,True,20260428,20260428
604,3,6836000.0,True,20260428,20260428
605,4,7177000.0,True,20260428,20260428
606,5,7536000.0,True,20260428,20260428
607,6,7913000.0,True,20260428,20260428
608,7,8309000.0,True,20260428,20260428
609,8,8724000.0,True,20260428,20260428
610,9,9160000.0,True,20260428,20260428
611,10,9618000.0,True,20260428,20260428
612,1,4520000.0,True,20260428,20260428
613,2,4746000.0,True,20260428,20260428
614,3,4983000.0,True,20260428,20260428
615,4,5232000.0,True,20260428,20260428
616,5,5494000.0,True,20260428,20260428
617,6,5769000.0,True,20260428,20260428
618,7,6057000.0,True,20260428,20260428
619,8,6360000.0,True,20260428,20260428
620,9,6678000.0,True,20260428,20260428
621,10,7012000.0,True,20260428,20260428
622,7,6794000.0,True,20260428,20260428
623,8,7134000.0,True,20260428,20260428
624,9,7491000.0,True,20260428,20260428
625,1,4610000.0,True,20260428,20260428
626,2,4840000.0,True,20260428,20260428
627,3,5083000.0,True,20260428,20260428
628,1,3350000.0,True,20260428,20260428
629,2,3518000.0,True,20260428,20260428
630,3,3693000.0,True,20260428,20260428
631,4,3878000.0,True,20260428,20260428
632,5,4072000.0,True,20260428,20260428
633,6,4276000.0,True,20260428,20260428
634,7,4489000.0,True,20260428,20260428
635,8,4714000.0,True,20260428,20260428
636,6,4352000.0,True,20260428,20260428
637,4,5337000.0,True,20260428,20260428
638,1,3540000.0,True,20260428,20260428
639,2,3717000.0,True,20260428,20260428
640,3,3903000.0,True,20260428,20260428
641,4,4098000.0,True,20260428,20260428
642,5,4303000.0,True,20260428,20260428
643,6,4518000.0,True,20260428,20260428
644,7,4744000.0,True,20260428,20260428
645,1,5410000.0,True,20260428,20260428
646,2,5680000.0,True,20260428,20260428
647,3,5965000.0,True,20260428,20260428
648,4,6263000.0,True,20260428,20260428
649,1,7650000.0,True,20260428,20260428
650,2,8032000.0,True,20260428,20260428
651,3,8434000.0,True,20260428,20260428
652,4,8856000.0,True,20260428,20260428
653,5,9299000.0,True,20260428,20260428
654,8,5277000.0,True,20260428,20260428
655,9,5540000.0,True,20260428,20260428
656,1,9390000.0,True,20260428,20260428
657,2,9860000.0,True,20260428,20260428
658,1,7220000.0,True,20260428,20260428
659,2,7581000.0,True,20260428,20260428
660,3,7960000.0,True,20260428,20260428
661,4,8358000.0,True,20260428,20260428
662,5,8776000.0,True,20260428,20260428
663,6,9215000.0,True,20260428,20260428
664,7,9675000.0,True,20260428,20260428
665,8,10159000.0,True,20260428,20260428
666,9,10667000.0,True,20260428,20260428
667,10,11201000.0,True,20260428,20260428
668,1,10490000.0,True,20260428,20260428
669,2,11014000.0,True,20260428,20260428
670,3,11565000.0,True,20260428,20260428
671,4,12143000.0,True,20260428,20260428
672,5,12751000.0,True,20260428,20260428
673,6,6062000.0,True,20260428,20260428
674,7,6365000.0,True,20260428,20260428
675,7,4570000.0,True,20260428,20260428
676,8,4798000.0,True,20260428,20260428
677,9,5038000.0,True,20260428,20260428
678,10,5290000.0,True,20260428,20260428
679,1,9460000.0,True,20260428,20260428
680,2,9933000.0,True,20260428,20260428
681,3,10430000.0,True,20260428,20260428
682,4,10951000.0,True,20260428,20260428
683,5,11499000.0,True,20260428,20260428
684,6,12074000.0,True,20260428,20260428
685,7,12677000.0,True,20260428,20260428
686,8,13311000.0,True,20260428,20260428
687,1,11140000.0,True,20260428,20260428
688,2,11697000.0,True,20260428,20260428
689,3,12282000.0,True,20260428,20260428
690,8,9428000.0,True,20260428,20260428
691,9,9899000.0,True,20260428,20260428
692,10,10394000.0,True,20260428,20260428
693,1,7270000.0,True,20260428,20260428
694,2,7634000.0,True,20260428,20260428
695,3,8015000.0,True,20260428,20260428
696,4,8416000.0,True,20260428,20260428
697,5,8837000.0,True,20260428,20260428
698,6,9279000.0,True,20260428,20260428
699,7,9742000.0,True,20260428,20260428
700,8,10230000.0,True,20260428,20260428
701,9,10741000.0,True,20260428,20260428
702,10,11278000.0,True,20260428,20260428
703,1,7260000.0,True,20260428,20260428
704,2,7623000.0,True,20260428,20260428
705,1,10660000.0,True,20260428,20260428
706,2,11193000.0,True,20260428,20260428
707,3,11753000.0,True,20260428,20260428
708,1,3520000.0,True,20260428,20260428
709,2,3696000.0,True,20260428,20260428
710,3,3881000.0,True,20260428,20260428
711,4,4075000.0,True,20260428,20260428
712,5,4279000.0,True,20260428,20260428
713,6,4493000.0,True,20260428,20260428
714,7,4717000.0,True,20260428,20260428
715,8,4953000.0,True,20260428,20260428
716,9,11362000.0,True,20260428,20260428
717,3,5226000.0,True,20260428,20260428
718,4,5487000.0,True,20260428,20260428
719,5,5761000.0,True,20260428,20260428
720,1,6140000.0,True,20260428,20260428
721,2,6447000.0,True,20260428,20260428
722,3,6769000.0,True,20260428,20260428
723,7,11270000.0,True,20260428,20260428
724,8,11834000.0,True,20260428,20260428
725,9,12425000.0,True,20260428,20260428
726,10,13047000.0,True,20260428,20260428
727,1,6870000.0,True,20260428,20260428
728,2,7214000.0,True,20260428,20260428
729,3,7574000.0,True,20260428,20260428
730,4,7953000.0,True,20260428,20260428
731,5,8351000.0,True,20260428,20260428
732,6,8768000.0,True,20260428,20260428
733,7,9206000.0,True,20260428,20260428
734,5,10769000.0,True,20260428,20260428
735,1,2990000.0,True,20260428,20260428
736,2,3140000.0,True,20260428,20260428
737,3,3296000.0,True,20260428,20260428
738,4,3461000.0,True,20260428,20260428
739,5,3634000.0,True,20260428,20260428
740,6,3816000.0,True,20260428,20260428
741,7,4007000.0,True,20260428,20260428
742,8,4207000.0,True,20260428,20260428
743,1,8690000.0,True,20260428,20260428
744,2,9124000.0,True,20260428,20260428
745,3,9581000.0,True,20260428,20260428
746,4,10060000.0,True,20260428,20260428
747,9,10756000.0,True,20260428,20260428
748,10,11294000.0,True,20260428,20260428
749,1,3190000.0,True,20260428,20260428
750,2,3350000.0,True,20260428,20260428
751,3,3517000.0,True,20260428,20260428
752,4,3693000.0,True,20260428,20260428
753,5,3877000.0,True,20260428,20260428
754,6,4071000.0,True,20260428,20260428
755,7,4275000.0,True,20260428,20260428
756,7,7639000.0,True,20260428,20260428
757,8,8020000.0,True,20260428,20260428
758,9,8421000.0,True,20260428,20260428
759,1,5490000.0,True,20260428,20260428
760,2,5764000.0,True,20260428,20260428
761,3,6053000.0,True,20260428,20260428
762,4,6355000.0,True,20260428,20260428
763,5,6673000.0,True,20260428,20260428
764,6,7007000.0,True,20260428,20260428
765,7,7357000.0,True,20260428,20260428
766,1,9430000.0,True,20260428,20260428
767,2,9902000.0,True,20260428,20260428
768,3,10397000.0,True,20260428,20260428
769,4,10916000.0,True,20260428,20260428
770,5,11462000.0,True,20260428,20260428
771,1,5060000.0,True,20260428,20260428
772,2,5313000.0,True,20260428,20260428
773,1,6120000.0,True,20260428,20260428
774,2,6426000.0,True,20260428,20260428
775,3,6747000.0,True,20260428,20260428
776,4,7085000.0,True,20260428,20260428
777,5,7439000.0,True,20260428,20260428
778,6,7811000.0,True,20260428,20260428
779,7,8201000.0,True,20260428,20260428
780,8,8611000.0,True,20260428,20260428
781,9,9042000.0,True,20260428,20260428
782,10,9494000.0,True,20260428,20260428
783,1,7070000.0,True,20260428,20260428
784,2,7424000.0,True,20260428,20260428
785,3,7795000.0,True,20260428,20260428
786,4,8184000.0,True,20260428,20260428
787,5,8594000.0,True,20260428,20260428
788,1,3660000.0,True,20260428,20260428
789,1,4600000.0,True,20260428,20260428
790,2,4830000.0,True,20260428,20260428
791,3,5072000.0,True,20260428,20260428
792,4,5325000.0,True,20260428,20260428
793,5,5591000.0,True,20260428,20260428
794,6,5871000.0,True,20260428,20260428
795,7,6164000.0,True,20260428,20260428
796,1,6810000.0,True,20260428,20260428
797,2,7150000.0,True,20260428,20260428
798,3,7508000.0,True,20260428,20260428
799,8,9920000.0,True,20260428,20260428
800,6,5731000.0,True,20260428,20260428
801,7,6017000.0,True,20260428,20260428
802,1,5720000.0,True,20260428,20260428
803,2,6006000.0,True,20260428,20260428
804,3,6306000.0,True,20260428,20260428
805,4,6622000.0,True,20260428,20260428
806,5,6953000.0,True,20260428,20260428
807,1,7510000.0,True,20260428,20260428
808,2,7886000.0,True,20260428,20260428
809,3,8280000.0,True,20260428,20260428
810,4,8694000.0,True,20260428,20260428
811,5,9128000.0,True,20260428,20260428
812,6,9585000.0,True,20260428,20260428
813,1,8920000.0,True,20260428,20260428
814,2,9366000.0,True,20260428,20260428
815,3,9834000.0,True,20260428,20260428
816,4,10326000.0,True,20260428,20260428
817,5,10842000.0,True,20260428,20260428
818,6,11384000.0,True,20260428,20260428
819,7,11954000.0,True,20260428,20260428
820,8,12551000.0,True,20260428,20260428
821,9,13179000.0,True,20260428,20260428
822,1,5180000.0,True,20260428,20260428
823,2,5439000.0,True,20260428,20260428
824,3,5711000.0,True,20260428,20260428
825,8,6684000.0,True,20260428,20260428
826,1,5140000.0,True,20260428,20260428
827,2,5397000.0,True,20260428,20260428
828,3,5667000.0,True,20260428,20260428
829,4,5950000.0,True,20260428,20260428
830,5,6248000.0,True,20260428,20260428
831,6,6560000.0,True,20260428,20260428
832,1,8400000.0,True,20260428,20260428
833,2,8820000.0,True,20260428,20260428
834,3,9261000.0,True,20260428,20260428
835,4,9724000.0,True,20260428,20260428
836,5,10210000.0,True,20260428,20260428
837,6,10721000.0,True,20260428,20260428
838,7,11257000.0,True,20260428,20260428
839,8,11820000.0,True,20260428,20260428
840,1,2870000.0,True,20260428,20260428
841,2,3014000.0,True,20260428,20260428
842,3,3164000.0,True,20260428,20260428
843,4,3322000.0,True,20260428,20260428
844,5,3489000.0,True,20260428,20260428
845,6,3663000.0,True,20260428,20260428
846,7,3846000.0,True,20260428,20260428
847,8,4038000.0,True,20260428,20260428
848,9,4240000.0,True,20260428,20260428
849,10,4452000.0,True,20260428,20260428
850,1,9210000.0,True,20260428,20260428
851,2,9670000.0,True,20260428,20260428
852,3,10154000.0,True,20260428,20260428
853,1,4230000.0,True,20260428,20260428
854,2,4442000.0,True,20260428,20260428
855,3,4664000.0,True,20260428,20260428
856,4,4897000.0,True,20260428,20260428
857,5,5142000.0,True,20260428,20260428
858,6,5399000.0,True,20260428,20260428
859,7,5669000.0,True,20260428,20260428
860,3,10352000.0,True,20260428,20260428
861,4,10870000.0,True,20260428,20260428
862,5,11414000.0,True,20260428,20260428
863,6,11984000.0,True,20260428,20260428
864,7,12583000.0,True,20260428,20260428
865,8,13213000.0,True,20260428,20260428
866,1,11290000.0,True,20260428,20260428
867,2,11854000.0,True,20260428,20260428
868,3,12447000.0,True,20260428,20260428
869,1,4090000.0,True,20260428,20260428
870,2,4294000.0,True,20260428,20260428
871,1,3810000.0,True,20260428,20260428
872,2,4000000.0,True,20260428,20260428
873,3,4201000.0,True,20260428,20260428
874,4,4411000.0,True,20260428,20260428
875,5,4631000.0,True,20260428,20260428
876,6,4863000.0,True,20260428,20260428
877,1,9940000.0,True,20260428,20260428
878,2,10437000.0,True,20260428,20260428
879,3,10959000.0,True,20260428,20260428
880,4,11507000.0,True,20260428,20260428
881,5,12082000.0,True,20260428,20260428
882,6,12686000.0,True,20260428,20260428
883,7,13321000.0,True,20260428,20260428
884,8,13987000.0,True,20260428,20260428
885,8,5952000.0,True,20260428,20260428
886,1,10530000.0,True,20260428,20260428
887,2,11056000.0,True,20260428,20260428
888,3,11609000.0,True,20260428,20260428
889,4,12190000.0,True,20260428,20260428
890,5,12799000.0,True,20260428,20260428
891,6,13439000.0,True,20260428,20260428
892,1,6740000.0,True,20260428,20260428
893,2,7077000.0,True,20260428,20260428
894,3,7431000.0,True,20260428,20260428
895,4,7802000.0,True,20260428,20260428
896,5,8193000.0,True,20260428,20260428
897,6,8602000.0,True,20260428,20260428
898,6,6854000.0,True,20260428,20260428
899,7,7196000.0,True,20260428,20260428
900,8,7556000.0,True,20260428,20260428
901,9,7934000.0,True,20260428,20260428
902,1,11960000.0,True,20260428,20260428
903,2,12558000.0,True,20260428,20260428
904,3,13186000.0,True,20260428,20260428
905,1,5090000.0,True,20260428,20260428
906,2,5344000.0,True,20260428,20260428
907,3,5612000.0,True,20260428,20260428
908,4,5892000.0,True,20260428,20260428
909,5,6187000.0,True,20260428,20260428
910,6,6496000.0,True,20260428,20260428
911,7,6821000.0,True,20260428,20260428
912,8,7162000.0,True,20260428,20260428
913,9,7520000.0,True,20260428,20260428
914,10,7896000.0,True,20260428,20260428
915,1,5380000.0,True,20260428,20260428
916,2,5649000.0,True,20260428,20260428
917,3,5931000.0,True,20260428,20260428
918,4,6228000.0,True,20260428,20260428
919,5,6539000.0,True,20260428,20260428
920,6,6866000.0,True,20260428,20260428
921,7,7210000.0,True,20260428,20260428
922,8,7570000.0,True,20260428,20260428
923,9,7949000.0,True,20260428,20260428
924,10,8346000.0,True,20260428,20260428
925,8,5080000.0,True,20260428,20260428
926,1,9220000.0,True,20260428,20260428
927,2,9681000.0,True,20260428,20260428
928,1,8150000.0,True,20260428,20260428
929,2,8558000.0,True,20260428,20260428
930,1,8320000.0,True,20260428,20260428
931,2,8736000.0,True,20260428,20260428
932,3,9173000.0,True,20260428,20260428
933,4,9631000.0,True,20260428,20260428
934,6,4365000.0,True,20260428,20260428
935,5,5603000.0,True,20260428,20260428
936,6,8181000.0,True,20260428,20260428
937,7,8590000.0,True,20260428,20260428
938,8,9020000.0,True,20260428,20260428
939,9,9470000.0,True,20260428,20260428
940,2,6122000.0,True,20260428,20260428
941,3,6428000.0,True,20260428,20260428
942,4,6749000.0,True,20260428,20260428
943,9,12411000.0,True,20260428,20260428
944,10,13031000.0,True,20260428,20260428
945,1,4190000.0,True,20260428,20260428
946,2,4400000.0,True,20260428,20260428
947,1,11720000.0,True,20260428,20260428
948,2,12306000.0,True,20260428,20260428
949,3,12921000.0,True,20260428,20260428
950,1,7170000.0,True,20260428,20260428
951,2,7528000.0,True,20260428,20260428
952,2,3843000.0,True,20260428,20260428
953,3,4035000.0,True,20260428,20260428
954,4,4237000.0,True,20260428,20260428
955,5,4449000.0,True,20260428,20260428
956,6,4671000.0,True,20260428,20260428
957,8,7584000.0,True,20260428,20260428
958,9,7963000.0,True,20260428,20260428
959,10,8362000.0,True,20260428,20260428
960,1,7110000.0,True,20260428,20260428
961,1,9190000.0,True,20260428,20260428
962,2,9650000.0,True,20260428,20260428
963,1,3030000.0,True,20260428,20260428
964,2,3182000.0,True,20260428,20260428
965,3,3341000.0,True,20260428,20260428
966,4,3508000.0,True,20260428,20260428
967,5,3683000.0,True,20260428,20260428
968,6,3867000.0,True,20260428,20260428
969,7,4060000.0,True,20260428,20260428
970,8,4264000.0,True,20260428,20260428
971,9,4477000.0,True,20260428,20260428
972,1,4790000.0,True,20260428,20260428
973,2,5030000.0,True,20260428,20260428
974,3,5281000.0,True,20260428,20260428
975,4,5545000.0,True,20260428,20260428
976,5,5822000.0,True,20260428,20260428
977,6,6113000.0,True,20260428,20260428
978,7,6419000.0,True,20260428,20260428
979,8,6740000.0,True,20260428,20260428
980,1,9920000.0,True,20260428,20260428
981,2,10416000.0,True,20260428,20260428
982,3,10937000.0,True,20260428,20260428
983,4,11484000.0,True,20260428,20260428
984,5,12058000.0,True,20260428,20260428
985,1,10510000.0,True,20260428,20260428
986,2,11036000.0,True,20260428,20260428
987,3,11587000.0,True,20260428,20260428
988,4,12167000.0,True,20260428,20260428
989,1,8510000.0,True,20260428,20260428
990,4,13070000.0,True,20260428,20260428
991,5,13723000.0,True,20260428,20260428
992,1,6360000.0,True,20260428,20260428
993,2,6678000.0,True,20260428,20260428
994,3,7012000.0,True,20260428,20260428
995,6,12035000.0,True,20260428,20260428
996,7,12637000.0,True,20260428,20260428
997,8,13269000.0,True,20260428,20260428
998,4,7362000.0,True,20260428,20260428
999,3,7056000.0,True,20260428,20260428
1000,4,7409000.0,True,20260428,20260428
1001,5,7779000.0,True,20260428,20260428
1002,1,4320000.0,True,20260428,20260428
1003,2,4536000.0,True,20260428,20260428
1004,3,4763000.0,True,20260428,20260428
1005,4,5001000.0,True,20260428,20260428
1006,1,9300000.0,True,20260428,20260428
1007,2,9765000.0,True,20260428,20260428
1008,3,10253000.0,True,20260428,20260428
1009,4,10766000.0,True,20260428,20260428
1010,5,11304000.0,True,20260428,20260428
1011,6,11869000.0,True,20260428,20260428
1012,7,12463000.0,True,20260428,20260428
1013,1,8160000.0,True,20260428,20260428
1014,2,8568000.0,True,20260428,20260428
1015,3,8996000.0,True,20260428,20260428
1016,4,9446000.0,True,20260428,20260428
1017,5,9919000.0,True,20260428,20260428
1018,6,10414000.0,True,20260428,20260428
1019,7,10935000.0,True,20260428,20260428
1020,5,6576000.0,True,20260428,20260428
1021,6,6905000.0,True,20260428,20260428
1022,7,7250000.0,True,20260428,20260428
1023,8,7612000.0,True,20260428,20260428
1024,9,7993000.0,True,20260428,20260428
1025,7,9099000.0,True,20260428,20260428
1026,8,9554000.0,True,20260428,20260428
1027,9,10032000.0,True,20260428,20260428
1028,8,8977000.0,True,20260428,20260428
1029,9,9426000.0,True,20260428,20260428
1030,5,5470000.0,True,20260428,20260428
1031,6,5743000.0,True,20260428,20260428
1032,7,6030000.0,True,20260428,20260428
1033,8,6473000.0,True,20260428,20260428
1034,8,13283000.0,True,20260428,20260428
1035,9,13947000.0,True,20260428,20260428
1036,10,14645000.0,True,20260428,20260428
1037,1,4830000.0,True,20260428,20260428
1038,2,5072000.0,True,20260428,20260428
1039,3,5325000.0,True,20260428,20260428
1040,4,5591000.0,True,20260428,20260428
1041,5,5871000.0,True,20260428,20260428
1042,6,6164000.0,True,20260428,20260428
1043,7,6473000.0,True,20260428,20260428
1044,8,6796000.0,True,20260428,20260428
1045,9,7136000.0,True,20260428,20260428
1046,10,7493000.0,True,20260428,20260428
1047,1,7400000.0,True,20260428,20260428
1048,2,7770000.0,True,20260428,20260428
1049,3,8158000.0,True,20260428,20260428
1050,4,8566000.0,True,20260428,20260428
1051,5,8995000.0,True,20260428,20260428
1052,6,9444000.0,True,20260428,20260428
1053,7,9917000.0,True,20260428,20260428
1054,8,10413000.0,True,20260428,20260428
1055,1,8660000.0,True,20260428,20260428
1056,2,9093000.0,True,20260428,20260428
1057,3,9548000.0,True,20260428,20260428
1058,4,10025000.0,True,20260428,20260428
1059,3,8004000.0,True,20260428,20260428
1060,4,8404000.0,True,20260428,20260428
1061,5,8825000.0,True,20260428,20260428
1062,6,12814000.0,True,20260428,20260428
1063,7,13455000.0,True,20260428,20260428
1064,8,14127000.0,True,20260428,20260428
1065,1,11120000.0,True,20260428,20260428
1066,1,7150000.0,True,20260428,20260428
1067,2,7508000.0,True,20260428,20260428
1068,3,7883000.0,True,20260428,20260428
1069,4,8277000.0,True,20260428,20260428
1070,5,8691000.0,True,20260428,20260428
1071,6,9125000.0,True,20260428,20260428
1072,10,9897000.0,True,20260428,20260428
1073,5,7086000.0,True,20260428,20260428
1074,6,8296000.0,True,20260428,20260428
1075,7,8711000.0,True,20260428,20260428
1076,8,9146000.0,True,20260428,20260428
1077,9,9603000.0,True,20260428,20260428
1078,1,7660000.0,True,20260428,20260428
1079,2,8043000.0,True,20260428,20260428
1080,4,5996000.0,True,20260428,20260428
1081,6,7300000.0,True,20260428,20260428
1082,1,7720000.0,True,20260428,20260428
1083,1,7350000.0,True,20260428,20260428
1084,2,7718000.0,True,20260428,20260428
1085,4,7444000.0,True,20260428,20260428
1086,5,7816000.0,True,20260428,20260428
1087,6,8206000.0,True,20260428,20260428
1088,2,6489000.0,True,20260428,20260428
1089,3,6813000.0,True,20260428,20260428
1090,4,7154000.0,True,20260428,20260428
1091,7,8617000.0,True,20260428,20260428
1092,8,9048000.0,True,20260428,20260428
1093,1,5940000.0,True,20260428,20260428
1094,2,6237000.0,True,20260428,20260428
1095,3,6549000.0,True,20260428,20260428
1096,4,6876000.0,True,20260428,20260428
1097,5,7220000.0,True,20260428,20260428
1098,6,7581000.0,True,20260428,20260428
1099,7,7960000.0,True,20260428,20260428
1100,8,8358000.0,True,20260428,20260428
1101,9,8776000.0,True,20260428,20260428
1102,10,9215000.0,True,20260428,20260428
1103,1,7830000.0,True,20260428,20260428
1104,2,8222000.0,True,20260428,20260428
1105,3,8633000.0,True,20260428,20260428
1106,4,9064000.0,True,20260428,20260428
1107,5,9517000.0,True,20260428,20260428
1108,9,6028000.0,True,20260428,20260428
1109,1,8790000.0,True,20260428,20260428
1110,2,9230000.0,True,20260428,20260428
1111,3,9691000.0,True,20260428,20260428
1112,4,10176000.0,True,20260428,20260428
1113,5,10684000.0,True,20260428,20260428
1114,6,11219000.0,True,20260428,20260428
1115,7,11779000.0,True,20260428,20260428
1116,8,12368000.0,True,20260428,20260428
1117,1,3340000.0,True,20260428,20260428
1118,2,3507000.0,True,20260428,20260428
1119,3,3682000.0,True,20260428,20260428
1120,4,3866000.0,True,20260428,20260428
1121,5,4060000.0,True,20260428,20260428
1122,6,4263000.0,True,20260428,20260428
1123,5,6296000.0,True,20260428,20260428
1124,6,6611000.0,True,20260428,20260428
1125,7,6942000.0,True,20260428,20260428
1126,1,3560000.0,True,20260428,20260428
1127,2,3738000.0,True,20260428,20260428
1128,3,3925000.0,True,20260428,20260428
1129,4,4121000.0,True,20260428,20260428
1130,5,4327000.0,True,20260428,20260428
1131,6,4544000.0,True,20260428,20260428
1132,8,6768000.0,True,20260428,20260428
1133,9,7107000.0,True,20260428,20260428
1134,1,6100000.0,True,20260428,20260428
1135,2,6405000.0,True,20260428,20260428
1136,3,6725000.0,True,20260428,20260428
1137,4,7062000.0,True,20260428,20260428
1138,5,7415000.0,True,20260428,20260428
1139,6,7785000.0,True,20260428,20260428
1140,5,4412000.0,True,20260428,20260428
1141,6,4633000.0,True,20260428,20260428
1142,7,4865000.0,True,20260428,20260428
1143,4,12340000.0,True,20260428,20260428
1144,5,12957000.0,True,20260428,20260428
1145,1,4800000.0,True,20260428,20260428
1146,2,5040000.0,True,20260428,20260428
1147,3,5292000.0,True,20260428,20260428
1148,4,5557000.0,True,20260428,20260428
1149,5,5834000.0,True,20260428,20260428
1150,6,6126000.0,True,20260428,20260428
1151,7,6432000.0,True,20260428,20260428
1152,8,6754000.0,True,20260428,20260428
1153,9,7092000.0,True,20260428,20260428
1154,6,8168000.0,True,20260428,20260428
1155,7,8577000.0,True,20260428,20260428
1156,8,9005000.0,True,20260428,20260428
1157,9,9456000.0,True,20260428,20260428
1158,10,9929000.0,True,20260428,20260428
1159,1,11810000.0,True,20260428,20260428
1160,2,12400000.0,True,20260428,20260428
1161,9,4418000.0,True,20260428,20260428
1162,10,4638000.0,True,20260428,20260428
1163,3,4476000.0,True,20260428,20260428
1164,4,4700000.0,True,20260428,20260428
1165,5,4935000.0,True,20260428,20260428
1166,6,5182000.0,True,20260428,20260428
1167,7,5441000.0,True,20260428,20260428
1168,8,5713000.0,True,20260428,20260428
1169,7,4476000.0,True,20260428,20260428
1170,8,4700000.0,True,20260428,20260428
1171,9,4935000.0,True,20260428,20260428
1172,10,5181000.0,True,20260428,20260428
1173,1,4480000.0,True,20260428,20260428
1174,1,5170000.0,True,20260428,20260428
1175,2,5428000.0,True,20260428,20260428
1176,3,5700000.0,True,20260428,20260428
1177,4,5985000.0,True,20260428,20260428
1178,5,6284000.0,True,20260428,20260428
1179,6,6598000.0,True,20260428,20260428
1180,7,6928000.0,True,20260428,20260428
1181,1,6040000.0,True,20260428,20260428
1182,2,6342000.0,True,20260428,20260428
1183,3,6659000.0,True,20260428,20260428
1184,4,6992000.0,True,20260428,20260428
1185,5,7342000.0,True,20260428,20260428
1186,8,7275000.0,True,20260428,20260428
1187,9,7638000.0,True,20260428,20260428
1188,10,8020000.0,True,20260428,20260428
1189,8,4489000.0,True,20260428,20260428
1190,9,4713000.0,True,20260428,20260428
1191,9,10918000.0,True,20260428,20260428
1192,10,11464000.0,True,20260428,20260428
1193,9,13932000.0,True,20260428,20260428
1194,8,8091000.0,True,20260428,20260428
1195,9,8495000.0,True,20260428,20260428
1196,5,6637000.0,True,20260428,20260428
1197,6,6968000.0,True,20260428,20260428
1198,7,7317000.0,True,20260428,20260428
1199,8,7683000.0,True,20260428,20260428
1200,1,4540000.0,True,20260428,20260428
1201,2,4767000.0,True,20260428,20260428
1202,3,5005000.0,True,20260428,20260428
1203,3,8103000.0,True,20260428,20260428
1204,5,10113000.0,True,20260428,20260428
1205,1,3770000.0,True,20260428,20260428
1206,2,3958000.0,True,20260428,20260428
1207,3,4156000.0,True,20260428,20260428
1208,4,4364000.0,True,20260428,20260428
1209,5,4582000.0,True,20260428,20260428
1210,6,4812000.0,True,20260428,20260428
1211,7,5052000.0,True,20260428,20260428
1212,8,5305000.0,True,20260428,20260428
1213,9,5201000.0,True,20260428,20260428
1214,10,5461000.0,True,20260428,20260428
1215,9,10933000.0,True,20260428,20260428
1216,10,11480000.0,True,20260428,20260428
1217,1,8210000.0,True,20260428,20260428
1218,2,8620000.0,True,20260428,20260428
1219,3,9052000.0,True,20260428,20260428
1220,3,8533000.0,True,20260428,20260428
1221,4,8960000.0,True,20260428,20260428
1222,10,8331000.0,True,20260428,20260428
1223,1,3390000.0,True,20260428,20260428
1224,2,3560000.0,True,20260428,20260428
1225,3,3737000.0,True,20260428,20260428
1226,4,3924000.0,True,20260428,20260428
1227,5,4121000.0,True,20260428,20260428
1228,6,4327000.0,True,20260428,20260428
1229,1,9170000.0,True,20260428,20260428
1230,6,12661000.0,True,20260428,20260428
1231,2,11676000.0,True,20260428,20260428
1232,1,7970000.0,True,20260428,20260428
1233,2,8368000.0,True,20260428,20260428
1234,3,8787000.0,True,20260428,20260428
1235,4,9226000.0,True,20260428,20260428
1236,8,4981000.0,True,20260428,20260428
1237,9,5230000.0,True,20260428,20260428
1238,10,5492000.0,True,20260428,20260428
1239,6,9572000.0,True,20260428,20260428
1240,7,10051000.0,True,20260428,20260428
1241,1,4180000.0,True,20260428,20260428
1242,2,4389000.0,True,20260428,20260428
1243,3,4608000.0,True,20260428,20260428
1244,7,7665000.0,True,20260428,20260428
1245,4,9504000.0,True,20260428,20260428
1246,5,9979000.0,True,20260428,20260428
1247,6,10478000.0,True,20260428,20260428
1248,7,11002000.0,True,20260428,20260428
1249,6,7441000.0,True,20260428,20260428
1250,3,7905000.0,True,20260428,20260428
1251,4,8300000.0,True,20260428,20260428
1252,9,9500000.0,True,20260428,20260428
1253,1,9380000.0,True,20260428,20260428
1254,2,9849000.0,True,20260428,20260428
1255,3,10341000.0,True,20260428,20260428
1256,1,4100000.0,True,20260428,20260428
1257,2,4305000.0,True,20260428,20260428
1258,3,4520000.0,True,20260428,20260428
1259,8,6332000.0,True,20260428,20260428
1260,9,6649000.0,True,20260428,20260428
1261,1,6960000.0,True,20260428,20260428
1262,2,7308000.0,True,20260428,20260428
1263,3,7673000.0,True,20260428,20260428
1264,4,8057000.0,True,20260428,20260428
1265,5,8460000.0,True,20260428,20260428
1266,6,8883000.0,True,20260428,20260428
1267,7,9327000.0,True,20260428,20260428
1268,1,5420000.0,True,20260428,20260428
1269,2,5691000.0,True,20260428,20260428
1270,3,5976000.0,True,20260428,20260428
1271,4,6274000.0,True,20260428,20260428
1272,5,6588000.0,True,20260428,20260428
1273,6,6917000.0,True,20260428,20260428
1274,7,7263000.0,True,20260428,20260428
1275,5,4862000.0,True,20260428,20260428
1276,6,5105000.0,True,20260428,20260428
1277,2,9628000.0,True,20260428,20260428
1278,3,12260000.0,True,20260428,20260428
1279,4,12873000.0,True,20260428,20260428
1280,5,13516000.0,True,20260428,20260428
1281,1,6490000.0,True,20260428,20260428
1282,2,6814000.0,True,20260428,20260428
1283,3,7155000.0,True,20260428,20260428
1284,4,7513000.0,True,20260428,20260428
1285,5,7889000.0,True,20260428,20260428
1286,6,8283000.0,True,20260428,20260428
1287,7,4543000.0,True,20260428,20260428
1288,8,4770000.0,True,20260428,20260428
1289,9,5009000.0,True,20260428,20260428
1290,10,5259000.0,True,20260428,20260428
1291,9,7077000.0,True,20260428,20260428
1292,6,9993000.0,True,20260428,20260428
1293,7,10493000.0,True,20260428,20260428
1294,1,10640000.0,True,20260428,20260428
1295,2,11172000.0,True,20260428,20260428
1296,3,11731000.0,True,20260428,20260428
1297,4,12317000.0,True,20260428,20260428
1298,5,12933000.0,True,20260428,20260428
1299,6,13580000.0,True,20260428,20260428
1300,7,14259000.0,True,20260428,20260428
1301,8,5108000.0,True,20260428,20260428
1302,9,5363000.0,True,20260428,20260428
1303,10,5631000.0,True,20260428,20260428
1304,10,4701000.0,True,20260428,20260428
1305,5,5251000.0,True,20260428,20260428
1306,6,5514000.0,True,20260428,20260428
1307,2,11812000.0,True,20260428,20260428
1308,3,12403000.0,True,20260428,20260428
1309,9,5334000.0,True,20260428,20260428
1310,4,7918000.0,True,20260428,20260428
1311,5,8314000.0,True,20260428,20260428
1312,6,8730000.0,True,20260428,20260428
1313,7,9166000.0,True,20260428,20260428
1314,2,4704000.0,True,20260428,20260428
1315,3,4939000.0,True,20260428,20260428
1316,4,5186000.0,True,20260428,20260428
1317,5,5445000.0,True,20260428,20260428
1318,9,8067000.0,True,20260428,20260428
1319,1,6800000.0,True,20260428,20260428
1320,2,7140000.0,True,20260428,20260428
1321,3,7497000.0,True,20260428,20260428
1322,4,7872000.0,True,20260428,20260428
1323,5,8265000.0,True,20260428,20260428
1324,6,8679000.0,True,20260428,20260428
1325,7,9113000.0,True,20260428,20260428
1326,8,9568000.0,True,20260428,20260428
1327,9,10047000.0,True,20260428,20260428
1328,6,10619000.0,True,20260428,20260428
1329,7,11150000.0,True,20260428,20260428
1330,9,4949000.0,True,20260428,20260428
1331,10,5197000.0,True,20260428,20260428
1332,8,9667000.0,True,20260428,20260428
1333,6,6228000.0,True,20260428,20260428
1334,7,6540000.0,True,20260428,20260428
1335,8,6867000.0,True,20260428,20260428
1336,9,7210000.0,True,20260428,20260428
1337,1,6080000.0,True,20260428,20260428
1338,1,6190000.0,True,20260428,20260428
1339,2,6500000.0,True,20260428,20260428
1340,3,6824000.0,True,20260428,20260428
1341,4,7166000.0,True,20260428,20260428
1342,10,8920000.0,True,20260428,20260428
1343,10,8470000.0,True,20260428,20260428
1344,4,9493000.0,True,20260428,20260428
1345,5,9967000.0,True,20260428,20260428
1346,6,10466000.0,True,20260428,20260428
1347,5,9688000.0,True,20260428,20260428
1348,1,11910000.0,True,20260428,20260428
1349,5,7524000.0,True,20260428,20260428
1350,6,7900000.0,True,20260428,20260428
1351,7,8295000.0,True,20260428,20260428
1352,7,4583000.0,True,20260428,20260428
1353,8,4812000.0,True,20260428,20260428
1354,10,6981000.0,True,20260428,20260428
1355,5,8241000.0,True,20260428,20260428
1356,6,8653000.0,True,20260428,20260428
1357,7,6526000.0,True,20260428,20260428
1358,8,6853000.0,True,20260428,20260428
1359,9,7195000.0,True,20260428,20260428
1360,3,7971000.0,True,20260428,20260428
1361,1,7920000.0,True,20260428,20260428
1362,2,8316000.0,True,20260428,20260428
1363,3,8732000.0,True,20260428,20260428
1364,4,9168000.0,True,20260428,20260428
1365,5,9627000.0,True,20260428,20260428
1366,6,10108000.0,True,20260428,20260428
1367,7,10614000.0,True,20260428,20260428
1368,8,11144000.0,True,20260428,20260428
1369,9,11701000.0,True,20260428,20260428
1370,10,12287000.0,True,20260428,20260428
1371,4,12896000.0,True,20260428,20260428
1372,8,11018000.0,True,20260428,20260428
1373,1,4550000.0,True,20260428,20260428
1374,1,3990000.0,True,20260428,20260428
1375,2,4190000.0,True,20260428,20260428
1376,3,4399000.0,True,20260428,20260428
1377,4,4619000.0,True,20260428,20260428
1378,5,4850000.0,True,20260428,20260428
1379,5,6138000.0,True,20260428,20260428
1380,6,6445000.0,True,20260428,20260428
1381,9,8909000.0,True,20260428,20260428
1382,10,9355000.0,True,20260428,20260428
1383,6,9266000.0,True,20260428,20260428
1384,4,7108000.0,True,20260428,20260428
1385,3,8445000.0,True,20260428,20260428
1386,4,8867000.0,True,20260428,20260428
1387,9,7579000.0,True,20260428,20260428
1388,10,7958000.0,True,20260428,20260428
1389,8,13086000.0,True,20260428,20260428
1390,9,13740000.0,True,20260428,20260428
1391,9,9308000.0,True,20260428,20260428
1392,1,7620000.0,True,20260428,20260428
1393,2,8001000.0,True,20260428,20260428
1394,1,6280000.0,True,20260428,20260428
1395,2,6594000.0,True,20260428,20260428
1396,3,6924000.0,True,20260428,20260428
1397,4,7270000.0,True,20260428,20260428
1398,5,7633000.0,True,20260428,20260428
1399,6,8015000.0,True,20260428,20260428
1400,7,8416000.0,True,20260428,20260428
1401,8,8837000.0,True,20260428,20260428
1402,9,9278000.0,True,20260428,20260428
1403,10,9742000.0,True,20260428,20260428
1404,1,8880000.0,True,20260428,20260428
1405,2,9324000.0,True,20260428,20260428
1406,3,9790000.0,True,20260428,20260428
1407,4,10280000.0,True,20260428,20260428
1408,5,10794000.0,True,20260428,20260428
1409,6,11333000.0,True,20260428,20260428
1410,7,11900000.0,True,20260428,20260428
1411,8,12495000.0,True,20260428,20260428
1412,9,13120000.0,True,20260428,20260428
1413,10,13822000.0,True,20260428,20260428
1414,6,9023000.0,True,20260428,20260428
1415,1,2830000.0,True,20260428,20260428
1416,2,2972000.0,True,20260428,20260428
1417,3,3120000.0,True,20260428,20260428
1418,4,3276000.0,True,20260428,20260428
1419,5,3440000.0,True,20260428,20260428
1420,6,3612000.0,True,20260428,20260428
1421,7,3792000.0,True,20260428,20260428
1422,8,3982000.0,True,20260428,20260428
1423,9,4181000.0,True,20260428,20260428
1424,10,4390000.0,True,20260428,20260428
1425,1,6900000.0,True,20260428,20260428
1426,2,7245000.0,True,20260428,20260428
1427,4,8370000.0,True,20260428,20260428
1428,1,12700000.0,True,20260428,20260428
1429,9,8894000.0,True,20260428,20260428
1430,1,7470000.0,True,20260428,20260428
1431,2,7844000.0,True,20260428,20260428
1432,3,8236000.0,True,20260428,20260428
1433,4,8647000.0,True,20260428,20260428
1434,5,9080000.0,True,20260428,20260428
1435,6,9534000.0,True,20260428,20260428
1436,7,10011000.0,True,20260428,20260428
1437,8,10511000.0,True,20260428,20260428
1438,9,11037000.0,True,20260428,20260428
1439,10,11588000.0,True,20260428,20260428
1440,1,6990000.0,True,20260428,20260428
1441,1,4360000.0,True,20260428,20260428
1442,9,6796000.0,True,20260428,20260428
1443,10,7136000.0,True,20260428,20260428
1444,1,4760000.0,True,20260428,20260428
1445,7,9032000.0,True,20260428,20260428
1446,8,9484000.0,True,20260428,20260428
1447,7,7813000.0,True,20260428,20260428
1448,8,8203000.0,True,20260428,20260428
1449,9,8614000.0,True,20260428,20260428
1450,6,13605000.0,True,20260428,20260428
1451,8,6782000.0,True,20260428,20260428
1452,9,7121000.0,True,20260428,20260428
1453,10,7477000.0,True,20260428,20260428
1454,10,5600000.0,True,20260428,20260428
1455,5,9311000.0,True,20260428,20260428
1456,7,5829000.0,True,20260428,20260428
1457,8,6121000.0,True,20260428,20260428
1458,9,6427000.0,True,20260428,20260428
1459,1,5840000.0,True,20260428,20260428
1460,5,9846000.0,True,20260428,20260428
1461,10,6578000.0,True,20260428,20260428
1462,1,5710000.0,True,20260428,20260428
1463,2,5996000.0,True,20260428,20260428
1464,3,6295000.0,True,20260428,20260428
1465,4,6610000.0,True,20260428,20260428
1466,5,6941000.0,True,20260428,20260428
1467,6,7288000.0,True,20260428,20260428
1468,7,7652000.0,True,20260428,20260428
1469,6,5092000.0,True,20260428,20260428
1470,7,5347000.0,True,20260428,20260428
1471,8,5614000.0,True,20260428,20260428
1472,2,4998000.0,True,20260428,20260428
1473,9,5570000.0,True,20260428,20260428
1474,2,5082000.0,True,20260428,20260428
1475,3,5336000.0,True,20260428,20260428
1476,10,10549000.0,True,20260428,20260428
1477,1,4010000.0,True,20260428,20260428
1478,2,4210000.0,True,20260428,20260428
1479,3,4421000.0,True,20260428,20260428
1480,4,4642000.0,True,20260428,20260428
1481,5,4874000.0,True,20260428,20260428
1482,6,5118000.0,True,20260428,20260428
1483,7,5374000.0,True,20260428,20260428
1484,8,5642000.0,True,20260428,20260428
1485,9,5925000.0,True,20260428,20260428
1486,3,8985000.0,True,20260428,20260428
1487,7,9729000.0,True,20260428,20260428
1488,3,5248000.0,True,20260428,20260428
1489,8,8035000.0,True,20260428,20260428
1490,5,7512000.0,True,20260428,20260428
1491,6,7887000.0,True,20260428,20260428
1492,6,9776000.0,True,20260428,20260428
1493,7,10265000.0,True,20260428,20260428
1494,8,10778000.0,True,20260428,20260428
1495,2,4578000.0,True,20260428,20260428
1496,3,4807000.0,True,20260428,20260428
1497,4,5047000.0,True,20260428,20260428
1498,5,5300000.0,True,20260428,20260428
1499,6,5565000.0,True,20260428,20260428
1500,7,5843000.0,True,20260428,20260428
1501,1,6620000.0,True,20260428,20260428
1502,2,6951000.0,True,20260428,20260428
1503,1,7820000.0,True,20260428,20260428
1504,2,8211000.0,True,20260428,20260428
1505,3,8622000.0,True,20260428,20260428
1506,4,9053000.0,True,20260428,20260428
1507,5,9505000.0,True,20260428,20260428
1508,6,9981000.0,True,20260428,20260428
1509,7,10480000.0,True,20260428,20260428
1510,8,11004000.0,True,20260428,20260428
1511,9,11554000.0,True,20260428,20260428
1512,10,12131000.0,True,20260428,20260428
1513,1,9820000.0,True,20260428,20260428
1514,8,6135000.0,True,20260428,20260428
1515,9,6442000.0,True,20260428,20260428
1516,1,5360000.0,True,20260428,20260428
1517,4,5510000.0,True,20260428,20260428
1518,9,10150000.0,True,20260428,20260428
1519,1,5690000.0,True,20260428,20260428
1520,2,5974000.0,True,20260428,20260428
1521,3,6273000.0,True,20260428,20260428
1522,4,6587000.0,True,20260428,20260428
1523,5,6916000.0,True,20260428,20260428
1524,6,7262000.0,True,20260428,20260428
1525,7,7625000.0,True,20260428,20260428
1526,8,8006000.0,True,20260428,20260428
1527,9,8407000.0,True,20260428,20260428
1528,10,8827000.0,True,20260428,20260428
1529,8,6318000.0,True,20260428,20260428
1530,9,6634000.0,True,20260428,20260428
1531,10,6965000.0,True,20260428,20260428
1532,10,7865000.0,True,20260428,20260428
1533,8,10216000.0,True,20260428,20260428
1534,10,4949000.0,True,20260428,20260428
1535,9,10091000.0,True,20260428,20260428
1536,10,10596000.0,True,20260428,20260428
1537,7,4771000.0,True,20260428,20260428
1538,9,10298000.0,True,20260428,20260428
1539,4,4839000.0,True,20260428,20260428
1540,5,5081000.0,True,20260428,20260428
1541,1,3150000.0,True,20260428,20260428
1542,2,3308000.0,True,20260428,20260428
1543,3,3473000.0,True,20260428,20260428
1544,4,3647000.0,True,20260428,20260428
1545,5,3829000.0,True,20260428,20260428
1546,6,4020000.0,True,20260428,20260428
1547,7,4221000.0,True,20260428,20260428
1548,8,4432000.0,True,20260428,20260428
1549,9,4654000.0,True,20260428,20260428
1550,1,5780000.0,True,20260428,20260428
1551,2,6069000.0,True,20260428,20260428
1552,8,9793000.0,True,20260428,20260428
1553,9,10283000.0,True,20260428,20260428
1554,10,10797000.0,True,20260428,20260428
1555,10,5166000.0,True,20260428,20260428
1556,3,9140000.0,True,20260428,20260428
1557,4,9597000.0,True,20260428,20260428
1558,5,10077000.0,True,20260428,20260428
1559,6,10580000.0,True,20260428,20260428
1560,3,7299000.0,True,20260428,20260428
1561,4,7663000.0,True,20260428,20260428
1562,10,4871000.0,True,20260428,20260428
1563,10,13838000.0,True,20260428,20260428
1564,5,12775000.0,True,20260428,20260428
1565,6,13414000.0,True,20260428,20260428
1566,10,8843000.0,True,20260428,20260428
1567,3,10132000.0,True,20260428,20260428
1568,6,7428000.0,True,20260428,20260428
1569,7,7799000.0,True,20260428,20260428
1570,8,8189000.0,True,20260428,20260428
1571,1,4460000.0,True,20260428,20260428
1572,2,4683000.0,True,20260428,20260428
1573,7,5106000.0,True,20260428,20260428
1574,5,9408000.0,True,20260428,20260428
1575,6,9878000.0,True,20260428,20260428
1576,7,10372000.0,True,20260428,20260428
1577,9,5895000.0,True,20260428,20260428
1578,10,6190000.0,True,20260428,20260428
1579,7,8697000.0,True,20260428,20260428
1580,8,9132000.0,True,20260428,20260428
1581,9,9589000.0,True,20260428,20260428
1582,10,10068000.0,True,20260428,20260428
1583,2,8106000.0,True,20260428,20260428
1584,3,8511000.0,True,20260428,20260428
1585,1,12550000.0,True,20260428,20260428
1586,10,6764000.0,True,20260428,20260428
1587,6,5884000.0,True,20260428,20260428
1588,7,6178000.0,True,20260428,20260428
1589,8,6487000.0,True,20260428,20260428
1590,9,6811000.0,True,20260428,20260428
1591,10,7152000.0,True,20260428,20260428
1592,1,9030000.0,True,20260428,20260428
1593,2,9482000.0,True,20260428,20260428
1594,3,4619000.0,True,20260428,20260428
1595,4,4850000.0,True,20260428,20260428
1596,1,3550000.0,True,20260428,20260428
1597,2,3728000.0,True,20260428,20260428
1598,3,3914000.0,True,20260428,20260428
1599,4,4110000.0,True,20260428,20260428
1600,5,4315000.0,True,20260428,20260428
1601,6,4531000.0,True,20260428,20260428
1602,7,4757000.0,True,20260428,20260428
1603,8,4995000.0,True,20260428,20260428
1604,9,5245000.0,True,20260428,20260428
1605,9,12987000.0,True,20260428,20260428
1606,9,8436000.0,True,20260428,20260428
1607,10,10813000.0,True,20260428,20260428
1608,1,4450000.0,True,20260428,20260428
1609,2,4672000.0,True,20260428,20260428
1610,3,4906000.0,True,20260428,20260428
1611,2,5628000.0,True,20260428,20260428
1612,3,5909000.0,True,20260428,20260428
1613,4,6205000.0,True,20260428,20260428
1614,7,13294000.0,True,20260428,20260428
1615,8,13958000.0,True,20260428,20260428
1616,1,2700000.0,True,20260428,20260428
1617,2,2835000.0,True,20260428,20260428
1618,3,2977000.0,True,20260428,20260428
1619,4,3126000.0,True,20260428,20260428
1620,5,3282000.0,True,20260428,20260428
1621,6,3446000.0,True,20260428,20260428
1622,7,3618000.0,True,20260428,20260428
1623,8,3799000.0,True,20260428,20260428
1624,9,3989000.0,True,20260428,20260428
1625,10,4189000.0,True,20260428,20260428
1626,2,6132000.0,True,20260428,20260428
1627,3,6439000.0,True,20260428,20260428
1628,6,5718000.0,True,20260428,20260428
1629,7,9474000.0,True,20260428,20260428
1630,8,9948000.0,True,20260428,20260428
1631,7,5360000.0,True,20260428,20260428
1632,1,5200000.0,True,20260428,20260428
1633,1,7950000.0,True,20260428,20260428
1634,2,8348000.0,True,20260428,20260428
1635,3,8765000.0,True,20260428,20260428
1636,4,9203000.0,True,20260428,20260428
1637,5,9663000.0,True,20260428,20260428
1638,6,10146000.0,True,20260428,20260428
1639,7,10654000.0,True,20260428,20260428
1640,8,11186000.0,True,20260428,20260428
1641,9,11746000.0,True,20260428,20260428
1642,10,12333000.0,True,20260428,20260428
1643,9,7047000.0,True,20260428,20260428
1644,7,14084000.0,True,20260428,20260428
1645,1,11830000.0,True,20260428,20260428
1646,1,5450000.0,True,20260428,20260428
1647,8,7725000.0,True,20260428,20260428
1648,9,8111000.0,True,20260428,20260428
1649,10,8517000.0,True,20260428,20260428
1650,10,13776000.0,True,20260428,20260428
1651,10,5507000.0,True,20260428,20260428
1652,8,7626000.0,True,20260428,20260428
1653,9,8008000.0,True,20260428,20260428
1654,1,3860000.0,True,20260428,20260428
1655,2,4053000.0,True,20260428,20260428
1656,3,4256000.0,True,20260428,20260428
1657,4,4468000.0,True,20260428,20260428
1658,5,4692000.0,True,20260428,20260428
1659,6,4926000.0,True,20260428,20260428
1660,7,5173000.0,True,20260428,20260428
1661,8,5431000.0,True,20260428,20260428
1662,9,5703000.0,True,20260428,20260428
1663,10,5988000.0,True,20260428,20260428
1664,10,10658000.0,True,20260428,20260428
1665,3,4509000.0,True,20260428,20260428
1666,4,4735000.0,True,20260428,20260428
1667,5,4971000.0,True,20260428,20260428
1668,6,5220000.0,True,20260428,20260428
1669,7,5481000.0,True,20260428,20260428
1670,8,5755000.0,True,20260428,20260428
1671,9,6043000.0,True,20260428,20260428
1672,10,6345000.0,True,20260428,20260428
1673,4,4746000.0,True,20260428,20260428
1674,5,4984000.0,True,20260428,20260428
1675,6,5233000.0,True,20260428,20260428
1676,7,5494000.0,True,20260428,20260428
1677,8,5769000.0,True,20260428,20260428
1678,9,6058000.0,True,20260428,20260428
1679,1,9770000.0,True,20260428,20260428
1680,6,4824000.0,True,20260428,20260428
1681,9,13977000.0,True,20260428,20260428
1682,10,14676000.0,True,20260428,20260428
1683,10,6748000.0,True,20260428,20260428
1684,8,10891000.0,True,20260428,20260428
1685,7,8175000.0,True,20260428,20260428
1686,8,8583000.0,True,20260428,20260428
1687,10,7462000.0,True,20260428,20260428
1688,6,10338000.0,True,20260428,20260428
1689,9,10416000.0,True,20260428,20260428
1690,10,6360000.0,True,20260428,20260428
1691,10,8393000.0,True,20260428,20260428
1692,9,10726000.0,True,20260428,20260428
1693,10,11263000.0,True,20260428,20260428
1694,8,5009000.0,True,20260428,20260428
1695,9,9012000.0,True,20260428,20260428
1696,1,7340000.0,True,20260428,20260428
1697,1,4270000.0,True,20260428,20260428
1698,2,4484000.0,True,20260428,20260428
1699,3,4708000.0,True,20260428,20260428
1700,4,4943000.0,True,20260428,20260428
1701,5,5190000.0,True,20260428,20260428
1702,6,5450000.0,True,20260428,20260428
1703,7,5722000.0,True,20260428,20260428
1704,8,6008000.0,True,20260428,20260428
1705,9,6309000.0,True,20260428,20260428
1706,10,6624000.0,True,20260428,20260428
1707,10,7431000.0,True,20260428,20260428
1708,5,6515000.0,True,20260428,20260428
1709,7,7290000.0,True,20260428,20260428
1710,10,6221000.0,True,20260428,20260428
1711,10,9339000.0,True,20260428,20260428
1712,10,4887000.0,True,20260428,20260428
1713,5,8788000.0,True,20260428,20260428
1714,1,9850000.0,True,20260428,20260428
1715,8,5628000.0,True,20260428,20260428
1716,10,9230000.0,True,20260428,20260428
1717,10,7881000.0,True,20260428,20260428
1718,10,8424000.0,True,20260428,20260428
1719,10,9386000.0,True,20260428,20260428
1720,4,5256000.0,True,20260428,20260428
1721,9,5910000.0,True,20260428,20260428
1722,3,7607000.0,True,20260428,20260428
1723,9,14656000.0,True,20260428,20260428
1724,10,5849000.0,True,20260428,20260428
1725,2,12506000.0,True,20260428,20260428
1726,10,9975000.0,True,20260428,20260428
1727,10,10084000.0,True,20260428,20260428
1728,1,7930000.0,True,20260428,20260428
1729,2,8326000.0,True,20260428,20260428
1730,3,8743000.0,True,20260428,20260428
1731,4,9180000.0,True,20260428,20260428
1732,5,9639000.0,True,20260428,20260428
1733,6,10121000.0,True,20260428,20260428
1734,7,10627000.0,True,20260428,20260428
1735,8,11158000.0,True,20260428,20260428
1736,9,11716000.0,True,20260428,20260428
1737,10,12302000.0,True,20260428,20260428
1738,10,9773000.0,True,20260428,20260428
1739,10,5817000.0,True,20260428,20260428
1740,10,13636000.0,True,20260428,20260428
1741,7,5066000.0,True,20260428,20260428
1742,8,5319000.0,True,20260428,20260428
1743,9,5585000.0,True,20260428,20260428
1744,10,5864000.0,True,20260428,20260428
1745,8,7655000.0,True,20260428,20260428
1746,10,7539000.0,True,20260428,20260428
1747,10,7446000.0,True,20260428,20260428
1748,10,14427000.0,True,20260428,20260428
1749,10,8858000.0,True,20260428,20260428
1750,10,6205000.0,True,20260428,20260428
1751,1,5610000.0,True,20260428,20260428
1752,2,5890000.0,True,20260428,20260428
1753,3,6185000.0,True,20260428,20260428
1754,4,6494000.0,True,20260428,20260428
1755,5,6819000.0,True,20260428,20260428
1756,6,7160000.0,True,20260428,20260428
1757,7,7518000.0,True,20260428,20260428
1758,8,7894000.0,True,20260428,20260428
1759,9,8289000.0,True,20260428,20260428
1760,10,8703000.0,True,20260428,20260428
1761,2,6384000.0,True,20260428,20260428
1762,3,6703000.0,True,20260428,20260428
1763,4,7038000.0,True,20260428,20260428
1764,5,7390000.0,True,20260428,20260428
1765,6,7760000.0,True,20260428,20260428
1766,7,8148000.0,True,20260428,20260428
1767,8,8555000.0,True,20260428,20260428
1768,9,8983000.0,True,20260428,20260428
1769,10,9432000.0,True,20260428,20260428
1770,10,8408000.0,True,20260428,20260428
1771,10,8889000.0,True,20260428,20260428
